De qué color es el caballo blanco de Santiago|2|Blanco|Negro|Azul|Blanco, no?|A
Cuantos son dos + dos|2|4|5|6|7|A
De qué color es el caballo blanco de Santiago|2|Blanco|Negro|Azul|Blanco, no?|A
Cuantos son dos + dos|2|4|5|6|7|A
De qué color es el caballo blanco de Santiago|2|Blanco|Negro|Azul|Blanco, no?|A
Cuantos son dos + dos|2|4|5|6|7|A
De qué color es el caballo blanco de Santiago|2|Blanco|Negro|Azul|Blanco, no?|A
Cuantos son dos + dos|2|4|5|6|7|A
De qué color es el caballo blanco de Santiago|2|Blanco|Negro|Azul|Blanco, no?|A
Cuantos son dos + dos|2|4|5|6|7|A
De qué color es el caballo blanco de Santiago|2|Blanco|Negro|Azul|Blanco, no?|A
Cuantos son dos + dos|2|4|5|6|7|A
De qué color es el caballo blanco de Santiago|2|Blanco|Negro|Azul|Blanco, no?|A
Cuantos son dos + dos|2|4|5|6|7|A
De qué color es el caballo blanco de Santiago|2|Blanco|Negro|Azul|Blanco, no?|A
Cuantos son dos + dos|2|4|5|6|7|A